Version,Type,Class file formatversion[7],Release date,End of public updates (free),End of extended support (paid)
"Old version, no longer maintained:JDK 1.0",,45[8],23rd January 1996,May 1996,—
"Old version, no longer maintained:JDK 1.1",,45,18th February 1997,October 2002,—
"Old version, no longer maintained:J2SE 1.2",,46,4th December 1998,November 2003,—
"Old version, no longer maintained:J2SE 1.3",,47,8th May 2000,March 2006,—
"Old version, no longer maintained:J2SE 1.4",,48,13th February 2002,October 2008,—
"Old version, no longer maintained:J2SE 5.0 (1.5)",,49,30th September 2004,October 2009,—
"Old version, no longer maintained:Java SE 6 (1.6)",,50,11th December 2006,April 2013 for OracleDecember 2018 for Azul[9],December 2016 for Red Hat[10]October 2018 for Oracle[11]December 2027 for Azul[9]March 2028 for BellSoft Liberica[12]
"Old version, no longer maintained:Java SE 7 (1.7)",,51,28th July 2011,July 2015 for OracleJuly 2022 for Azul[9]September 2022 for IBM Java SDK[13],June 2020 for Red Hat[10]July 2022 for Oracle[14]December 2027 for Azul[9]March 2028 for BellSoft Liberica[12]
"Old version, yet still maintained:Java SE 8 (1.8)",LTS,52,18th March 2014,April 2019 for OracleNovember 2026 for Eclipse Temurin[15]November 2026 for Red Hat[10]November 2026 for Azul[9]December 2030 for Amazon Corretto[16]April 2025 for IBM Java SDK[13]November 2026 for IBM Semeru Runtimes[17],December 2030 for Oracle[4]December 2030 for Azul[9]March 2031 for BellSoft Liberica[12]
"Old version, no longer maintained:Java SE 9 (1.9)",,53,21st September 2017,March 2018,—
"Old version, no longer maintained:Java SE 10 (1.10)",,54,20th March 2018,September 2018,—
"Old version, yet still maintained:Java SE 11",LTS,55,25th September 2018,April 2019 for OracleSeptember 2027 for Microsoft Build of OpenJDK[18]October 2024 for Red Hat[10]October 2027 for Eclipse Temurin[15]October 2027 for Azul[9]January 2032 for Amazon Corretto[16]January 2032 for Azul[9]October 2027 for IBM Semeru Runtimes[17],January 2032 for Azul[9]March 2032 for BellSoft Liberica[12]October 2027 for Red Hat[10]January 2032 for Oracle[4]
"Old version, no longer maintained:Java SE 12",,56,19th March 2019,September 2019,—
"Old version, no longer maintained:Java SE 13",,57,17th September 2019,March 2020,—
"Old version, no longer maintained:Java SE 14",,58,17th March 2020,September 2020,—
"Old version, no longer maintained:Java SE 15",,59,16th September 2020,March 2021,—
"Old version, no longer maintained:Java SE 16",,60,16th March 2021,September 2021,—
"Old version, yet still maintained:Java SE 17",LTS,61,14th September 2021,September 2024 for Oracle[4]September 2027 for Microsoft Build of OpenJDK[18]October 2027 for Eclipse Temurin[15]October 2027 for Red Hat[10]October 2029 for Amazon Corretto[16]September 2029 for Azul[9]October 2027 for IBM Semeru Runtimes[17],September 2029 for Oracle[4]March 2030 for BellSoft Liberica[12]
"Old version, no longer maintained:Java SE 18",,62,22nd March 2022,September 2022,—
"Old version, no longer maintained:Java SE 19",,63,20th September 2022,March 2023,—
"Old version, no longer maintained:Java SE 20",,64,21st March 2023,September 2023,—
"Old version, yet still maintained:Java SE 21",LTS,65,19th September 2023,September 2028 for Oracle[4]September 2028 for Microsoft Build of OpenJDK[18]December 2029 for Red Hat[10]December 2029 for Eclipse Temurin[15]October 2030 for Amazon Corretto[16]September 2031 for Azul[9]December 2029 for IBM Semeru Runtimes[17],September 2031 for Oracle[4]March 2032 for BellSoft Liberica[12]
"Old version, no longer maintained:Java SE 22",,66,19th March 2024,September 2024,—
Current stable version:Java SE 23,,67,17th September 2024,March 2025 for OracleSeptember 2032 for Azul[9]March 2025 for IBM Semeru Runtimes[17],—
Future release:Java SE 24,,68,March 2025,September 2025,—
Future release:Java SE 25,LTS,69,September 2025,September 2030 for Oracle[4],September 2033 for Oracle[4]March 2034 for BellSoft Liberica[12]
"Legend:Old version, not maintainedOld version, still maintainedLatest versionLatest preview versionFuture release",,,,,
"December 8, 1998(26 years ago)(1998-12-08)",,,,,
"May 8, 2000(24 years ago)(2000-05-08)",,,,,
"February 6, 2002(22 years ago)(2002-02-06)",,,,,
October 2008(2008-10),,,,,
February 2013(2013-02),,,,,
"September 30, 2004(20 years ago)(2004-09-30)",,,,,
November 2009(2009-11),,,,,
April 2015(2015-04),,,,,
"November 11, 2006(18 years ago)(2006-11-11)",,,,,
February 2013(2013-02),,,,,
Java SE 6,2006-12-23,"This release adds many enhancements in the fields of Web services, scripting, databases, pluggable annotations, and security, as well as quality, compatibility, and stability. JConsole is now officially supported. Java DB support has been added.",,,
Java SE 6 Update 1[citation needed],2007-05-07,,,,
Java SE 6 Update 2[citation needed],2007-07-03,,,,
Java SE 6 Update 3[citation needed],2007-10-03,,,,
Java SE 6 Update 4[citation needed],2008-01-14,HotSpotVM 10,,,
Java SE 6 Update 5[citation needed],2008-03-05,"Several security flaws were eliminated. New root certificates from AOL, DigiCert, and TrustCenter are now included.",,,
Java SE 6 Update 6[citation needed],2008-04-16,A workaround for the infamous Xlib/XCB locking assertion issue was introduced. A memory leak when using Kerberos authentication with LoginContext was fixed. Several other bugs were fixed.,,,
Java SE 6 Update 7[citation needed],,"Unofficially, Java SE 6 Update 7 (1.6.0.7) is the last version of Java that was shown to be working on the Win9x family of operating systems[citation needed]",,,
Java SE 6 Update 10[citation needed],2008-10-15,"HotSpot VM 11. Major changes for this update include:Java Deployment Toolkit, a set ofJavaScriptfunctions to ease the deployment ofappletsandJava Web Startapplications.[52]Java Kernel, a small installer including only the most commonly used JRE classes. Other packages are downloaded when needed.Enhanced updater.Enhanced versioning and pack200 support: server-side support is no longer required.[52]Java Quick Starter, to improve cold start-up time.Improved performance ofJava2Dgraphics primitives on Windows, usingDirect3Dand hardware acceleration.A newSwinglook and feelcalled Nimbus and based onsynth.[53]Next-Generation Java Plug-In: applets now run in a separate process and support many features of Web Start applications.[52]",,,
Java SE 6 Update 11[54][citation needed],2008-12-03,13 security fixes[citation needed],,,
Java SE 6 Update 12[citation needed],2008-12-12,No security fixes; 64-bit Java plug-in (for 64-bit web browsers only);Windows Server 2008support; performance improvements of graphics andJavaFXapplications,,,
Java SE 6 Update 13[citation needed],2009-03-24,"7 security fixes, JNDI store and retrieve Java objects in LDAP slightly modified, JMX Change (createMBeanunregisterMBean), 4 new root certificates added",,,
Java SE 6 Update 14[citation needed],2009-05-28,"HotSpot VM 14. This release includes extensive performance updates to the JIT compiler, compressed pointers for 64-bit machines, as well as support for theG1(Garbage First) low-pause garbage collector.[55][56]The-XX:+DoEscapeAnalysisoption directs the HotSpotJIT compilerto useescape analysisto determine whether local objects can be allocated on thestackinstead of theheap.[citation needed]Some developers have noticed an issue introduced in this release which causes debuggers to miss breakpoints seemingly randomly.[57]Sun has a corresponding bug, which is tracking the issue. The workaround applies to the Client and Server VMs.[58]Using the-XX:+UseParallelGCoption will prevent the failure. Another workaround is to roll back to update 13, or to upgrade to update 16.",,,
Java SE 6 Update 15[citation needed],2009-08-04,Introduced patch-in-place functionality,,,
Java SE 6 Update 16[citation needed],2009-08-11,Fixed the issue introduced in update 14 which caused debuggers to miss breakpoints,,,
Java SE 6 Update 17[citation needed],2009-11-04,Security fixes; two new root certificates,,,
Java SE 6 Update 18[citation needed],2010-01-13,"No security fixes; Hotspot VM 16; support forUbuntu8.04 LTS Desktop Edition, SLES 11,Windows 7,Red Hat Enterprise Linux5.3,Firefox3.6, VisualVM 1.2; updated Java DB; many performance improvements",,,
Java SE 6 Update 19[citation needed],2010-03-30,"Security fixes; root certificate changes: seven new, three removed, five replaced with stronger signature algorithms; interim fix for TLS renegotiation attack",,,
Java SE 6 Update 20[citation needed],2010-04-15,2 security fixes,,,
Java SE 6 Update 21[citation needed],2010-07-07,"No security fixes; Hotspot VM 17; support forRed Hat Enterprise Linux5.4 and 5.5,Oracle Enterprise Linux4.8, 5.4, 5.5;Google Chrome4 support; support for Customized Loading Progress Indicators; VisualVM 1.2.2",,,
Java SE 6 Update 22[citation needed],2010-10-12,29 security fixes;RFC5746support,,,
Java SE 6 Update 23[citation needed],2010-12-08,No security fixes; Hotspot VM 19; better support for right-to-left languages,,,
Java SE 6 Update 24[citation needed],2011-02-15,21 security fixes; updated Java DB,,,
Java SE 6 Update 25[citation needed],2011-03-21,"No security fixes; Hotspot VM 20; support forInternet Explorer 9,Firefox 4and Chrome 10; improved BigDecimal; includes ""tiered"" compilation in the Server VM that enables it to start quickly as does the Client VM, while achieving better peak performance (this feature is enabled by specifying-serverand-XX:+TieredCompilationcommand options)",,,
Java SE 6 Update 26[citation needed],2011-06-07,17 new security fixes;[59]last version compatible with Windows Vista SP1,,,
Java SE 6 Update 27[citation needed],2011-08-16,No security fixes; certification for Firefox 5,,,
Java SE 6 Update 29[citation needed],2011-10-18,"20 security fixes, various bug fixes[60]",,,
Java SE 6 Update 30[citation needed],2011-12-12,No security fixes; fix for SSL regression in Update 29; support forRed Hat Enterprise Linux6,,,
Java SE 6 Update 31[citation needed],2012-02-14,14 security fixes and one bug fix; last version work reliably forWindows 2000[61],,,
Java SE 6 Update 32[citation needed],2012-04-26,"No security fixes, various bug fixes",,,
Java SE 6 Update 33[citation needed],2012-06-12,"14 security fixes, improved VM configuration file loading",,,
Java SE 6 Update 34[citation needed],2012-08-14,"No security fixes, various bug fixes",,,
Java SE 6 Update 35[citation needed],2012-08-30,Contains a security-in-depth fix[62],,,
Java SE 6 Update 37[citation needed],2012-10-16,30 security fixes,,,
Java SE 6 Update 38[citation needed],2012-12-11,Various bug fixes[citation needed],,,
Java SE 6 Update 39[citation needed],2013-02-01,50 security fixes,,,
Java SE 6 Update 41[citation needed],2013-02-19,5 security fixes,,,
Java SE 6 Update 43[citation needed],2013-03-04,2 security fixes,,,
Java SE 6 Update 45[citation needed],2013-04-16,42 security fixes;[63]other changes; final public update.[64],,,
Java SE 6 Update 51,2013-06-18,"Not available publicly, only available through the Java SE Support program and in Apple Update for OS X Snow Leopard, Lion & Mountain Lion; up to 40 security fixes[65]",,,
Java SE 6 Update 65,2013-10-15,"Not available publicly, only available through the Java SE Support program and in Apple Update for OS X Snow Leopard, Lion & Mountain Lion; at least 11 critical security fixes[66]",,,
Java SE 6 Update 71,2014-01-14,Not available for public download; 33 fixes[citation needed],,,
Java SE 6 Update 75,2014-04-15,"Not available publicly, only available through the Java SE Support program and in Solaris 10's Recommended Patchset Cluster no. #54; 25 security fixes[67]",,,
Java SE 6 Update 81,2014-07-15,"Not available publicly, only available through the Java SE Support program and in Solaris 10's Recommended Patchset Cluster; 11 security fixes[68]",,,
Java SE 6 Update 85,2014-10-16,"Not available publicly, only available through the Java SE Support program and in Solaris 10's Recommended Patchset Cluster; 18 security fixes[69]",,,
Java SE 6 Update 91,2015-01-21,Linux x64 and Windows i586 versions are available as the Java SE 6 Reference Implementation.[70]Other versions are only available through the Java SE Support program and in Solaris 10's Recommended Patchset Cluster; 15 security fixes[71],,,
Java SE 6 Update 95,2015-04-14,"Not available publicly, only available through the Java SE Support program and in Solaris 10's Recommended Patchset Cluster; 14 security fixes[72]",,,
Java SE 6 Update 101,2015-07-15,"Not available publicly, only available through the Java SE Support program and in Solaris 10's Recommended Patchset Cluster; 18 security fixes[73]Certification for IE 10 and 11 was introduced in 1.6.0_101",,,
Java SE 6 Update 105,2015-10-20,"Not available publicly, only available through the Java SE Support program and in Solaris 10's Recommended Patchset Cluster; 17 security fixes[74]",,,
Java SE 6 Update 111,2016-01-20,"Not available publicly, only available through the Java SE Support program and in Solaris 10's Recommended Patchset Cluster; 13 security fixes[75]",,,
Java SE 6 Update 113,2016-02-05,"Not available publicly, only available through the Java SE Support program and in Solaris 10's Recommended Patchset Cluster; 1 security fix[76]",,,
Java SE 6 Update 115,2016-04-21,"Not available publicly, only available through the Java SE Support program and in Solaris 10's Recommended Patchset Cluster; 8 security fixes[77]",,,
Java SE 6 Update 121,2016-07-19,"Not available publicly, only available through the Java SE Support program and in Solaris 10's Recommended Patchset Cluster; 15 security fixes[78]",,,
Java SE 6 Update 131,2016-10-18,"Not available publicly, only available through the Java SE Support program and in Solaris 10's Recommended Patchset Cluster; 13 security fixes[79]",,,
Java SE 6 Update 141,2017-01-17,"Not available publicly, only available through the Java SE Support program and in Solaris 10's Recommended Patchset Cluster; 17 security fixes[80]",,,
Java SE 6 Update 151,2017-04-18,"Not available publicly, only available through the Java SE Support program and in Solaris 10's Recommended Patchset Cluster; 10 security fixes[81]",,,
Java SE 6 Update 161,2017-07-18,"Not available publicly, only available through the Java SE Support program and in Solaris 10's Recommended Patchset Cluster; 5 security fixes[82]",,,
Java SE 6 Update 171,2017-10-20,"Not available publicly, only available through the Java SE Support program and in Solaris 10's Recommended Patchset Cluster; 7 security fixes[83]",,,
Java SE 6 Update 181,2018-01-16,"Not available publicly, only available through the Java SE Support program and in Solaris 10's Recommended Patchset Cluster; 12 security fixes[84]",,,
Java SE 6 Update 191,2018-04-17,"Not available publicly, only available through the Java SE Support program and in Solaris 10's Recommended Patchset Cluster; 7 security fixes[85]",,,
Java SE 6 Update 201,2018-07-17,"Not available publicly, only available through the Java SE Support program and in Solaris 10's Recommended Patchset Cluster; 3 security fixes[86]",,,
Java SE 6 Update 211,2018-10-18,"Not available publicly, only available through the Java SE Support program and in Solaris 10's Recommended Patchset Cluster; 8 security fixes[87]",,,
"July 28, 2011(13 years ago)(2011-07-28)",,,,,
April 2015(2015-04),,,,,
June 2022(2022-06),,,,,
Java SE 7[115],2011-07-28,Initial release;HotSpotVM 21,,,
Java SE 7 Update 1[citation needed],2011-10-18,"20 security fixes, other bug fixes",,,
Java SE 7 Update 2[citation needed],2011-12-12,"No security fixes; HotSpot VM 22; reliability and performance improvements; support forSolaris 11and Firefox 5 and later;JavaFXincluded with Java SE JDK, improvements for web-deployed applications",,,
Java SE 7 Update 3[citation needed],2012-02-14,14 security fixes[116],,,
Java SE 7 Update 4[citation needed],2012-04-26,No security updates; HotSpot VM 23; JDK Support for Mac OS X,,,
Java SE 7 Update 5[citation needed],2012-06-12,14 security fixes[117],,,
Java SE 7 Update 6[citation needed],2012-08-14,"JavaFXandJava Access Bridgeincluded in Java SE JDK and JRE installation, JavaFX support for touch-enabled monitors and touch pads, JavaFX support forLinux, JDK and JRE Support for Mac OS X, JDK for Linux on ARM[118]",,,
Java SE 7 Update 7[citation needed],2012-08-30,4 security fixes[62],,,
Java SE 7 Update 9[citation needed],2012-10-16,30 security vulnerabilities fixes[119],,,
Java SE 7 Update 10[citation needed],2012-12-11,"New security features, such as the ability to disable any Java application from running in the browser and new dialogs to warn you when the JRE is insecure, and bug fixes",,,
Java SE 7 Update 11[citation needed],2013-01-13,"Olson Data2012i; bugfix for problems with registration of plugin on systems with Stand-alone version of JavaFX Installed, security fixes forCVE-2013-0422;[120]the default security level for Java applets and web start applications has been increased from ""Medium"" to ""High""",,,
Java SE 7 Update 13[121][citation needed],2013-02-01,50 security fixes,,,
Java SE 7 Update 15[citation needed],2013-02-19,5 security fixes,,,
Java SE 7 Update 17[citation needed],2013-03-04,2 security fixes,,,
Java SE 7 Update 21[citation needed],2013-04-16,"Multiple changes including 42 security fixes, a new Server JRE that does not include the plug-in, and the JDK for Linux on ARM",,,
Java SE 7 Update 25[citation needed],2013-06-18,Multiple changes including 40 security fixes[65][122],,,
Java SE 7 Update 40[citation needed],2013-09-10,"621 bug fixes,[123]New security features,hardfloat ARM, Java Mission Control 5.2 andRetina Displaysupport[124]",,,
Java SE 7 Update 45[citation needed],2013-10-15,51 security fixes;[66]protections against unauthorized redistribution of Java applications; restore security prompts; JAXP changes; TimeZone.setDefault change,,,
Java SE 7 Update 51[citation needed],2014-01-14,"36 security fixes; block JAVA applets without manifest (like Remote console – Java Applet – IBM IMM card, HP iLO card) even if warning dialog is with sentence ""will be blocked in next version"",[125][126]17 bug fixes",,,
Java SE 7 Update 55[citation needed],2014-04-15,"37 security fixes,[67]19 bug fixes[127]",,,
Java SE 7 Update 60[citation needed],2014-05-28,"Java Mission Control 5.3,[128]130 bug fixes[129]",,,
Java SE 7 Update 65[citation needed],2014-07-15,18 bug fixes[citation needed],,,
Java SE 7 Update 67[citation needed],2014-08-04,1 bug fix,,,
Java SE 7 Update 71[citation needed],2014-10-14,16 bug fixes[citation needed],,,
Java SE 7 Update 72[citation needed],2014-10-14,"Same release date with Update 71 as a corresponding Patch Set Update (PSU) for Java SE 7,[130]36 bug fixes[citation needed]",,,
Java SE 7 Update 75[citation needed],2015-01-20,"12 bug fixes,[citation needed]SSLv3 disabled by default",,,
Java SE 7 Update 76[citation needed],2015-01-20,"Same release date with Update 75 as a corresponding Patch Set Update (PSU) for Java SE 7,[130]97 bug fixes[citation needed]",,,
Java SE 7 Update 79[citation needed],2015-04-14,"21 security fixes, 6 bug fixes,[citation needed]",,,
Java SE 7 Update 80[citation needed],2015-04-14,"Last public release of Java 7; same release date with Update 79 as a corresponding Patch Set Update (PSU) for Java SE 7, 104 bug fixes[citation needed]",,,
Java SE 7 Update 85,2015-07-15,"Not available publicly, only available through the Java SE Support program and in Solaris 10's Recommended Patchset Cluster; 25 security fixes[131]",,,
Java SE 7 Update 91,2015-10-20,"Not available publicly, only available through the Java SE Support program and in Solaris 10's Recommended Patchset Cluster; 20 security fixes[132]",,,
Java SE 7 Update 95,2016-01-19,"Not available publicly, only available through the Java SE Support program and in Solaris 10's Recommended Patchset Cluster; 8 security fixes[133]",,,
Java SE 7 Update 97,2016-02-05,"Not available publicly, only available through the Java SE Support program and in Solaris 10's Recommended Patchset Cluster; 1 security fix[76]",,,
Java SE 7 Update 99,2016-03-23,"Not available publicly, only available through the Java SE Support program and in Solaris 10's Recommended Patchset Cluster; 1 security fix[134]",,,
Java SE 7 Update 101,2016-04-18,"Not available publicly, only available through the Java SE Support program and in Solaris 10's Recommended Patchset Cluster; 22 security fixes[135]",,,
Java SE 7 Update 111,2016-07-19,"Not available publicly, only available through the Java SE Support program and in Solaris 10's Recommended Patchset Cluster; 36 security fixes[78]",,,
Java SE 7 Update 121,2016-10-18,"Not available publicly, only available through the Java SE Support program and in Solaris 10's Recommended Patchset Cluster; 32 security fixes[79]",,,
Java SE 7 Update 131,2017-01-17,"Not available publicly, only available through the Java SE Support program and in Solaris 10's Recommended Patchset Cluster; 34 security fixes[80]",,,
Java SE 7 Update 141,2017-04-18,"Not available publicly, only available through the Java SE Support program and in Solaris 10's Recommended Patchset Cluster; 8 security fixes[136]",,,
Java SE 7 Update 151,2017-07-18,"Not available publicly, only available through the Java SE Support program and in Solaris 10's Recommended Patchset Cluster; 4 security fixes[82]",,,
Java SE 7 Update 161,2017-10-20,"Not available publicly, only available through the Java SE Support program and in Solaris 10's Recommended Patchset Cluster; 4 security fixes[83]",,,
Java SE 7 Update 171,2018-01-16,"Not available publicly, only available through the Java SE Support program and in Solaris 10's Recommended Patchset Cluster; 51 security fixes[84]",,,
Java SE 7 Update 181,2018-04-17,"Not available publicly, only available through the Java SE Support program and in Solaris 10's Recommended Patchset Cluster; 12 security fixes[85]",,,
Java SE 7 Update 191,2018-07-17,"Not available publicly, only available through the Java SE Support program and in Solaris 10's Recommended Patchset Cluster; 9 security fixes[86]",,,
Java SE 7 Update 201,2018-10-18,"Not available publicly, only available through the Java SE Support program and in Solaris 10's Recommended Patchset Cluster; 13 security fixes[87]",,,
Java SE 7 Update 211,2019-01-15,"Not available publicly, only available through the Java SE Support program and in Solaris 10's Recommended Patchset Cluster; 5 security fixes[137]",,,
Java SE 7 Update 221,2019-04-16,"Not available publicly, only available through the Java SE Support program and in Solaris 10's Recommended Patchset Cluster; 5 security fixes[138]",,,
Java SE 7 Update 231,2019-07-16,"Not available publicly, only available through the Java SE Support program and in Solaris 10's Recommended Patchset Cluster; 6 security fixes[139]",,,
Java SE 7 Update 241,2019-10-15,"Not available publicly, only available through the Java SE Support program and in Solaris 10's Recommended Patchset Cluster; 15 security fixes[140]",,,
Java SE 7 Update 251,2020-01-14,"Not available publicly, only available through the Java SE Support program and in Solaris 10's Recommended Patchset Cluster; 12 security fixes[141]",,,
Java SE 7 Update 261,2020-04-14,"Not available publicly, only available through the Java SE Support program and in Solaris 10's Recommended Patchset Cluster; 15 security fixes[142]",,,
Java SE 7 Update 271,2020-07-14,"Not available publicly, only available through the Java SE Support program and in Solaris 10's Recommended Patchset Cluster; 11 security fixes[143]",,,
Java SE 7 Update 281,2020-10-20,"Not available publicly, only available through the Java SE Support program and in Solaris 10's Recommended Patchset Cluster; 8 security fixes[144]",,,
Java SE 7 Update 291,2021-01-19,"Not available publicly, only available through the Java SE Support program and in Solaris 10's Recommended Patchset Cluster; 1 security fixes[145]",,,
Java SE 7 Update 301,2021-04-12,"Not available publicly, only available through the Java SE Support program and in Solaris 10's Recommended Patchset Cluster; 11 security fixes[146]",,,
Java SE 7 Update 311,2021-07-20,"Not available publicly, only available through the Java SE Support program and in Solaris 10's Recommended Patchset Cluster; 24 bug fixes[147]",,,
Java SE 7 Update 321,2021-10-19,"Not available publicly, only available through the Java SE Support program and in Solaris 10's Recommended Patchset Cluster; 16 bug fixes[148]",,,
Java SE 7 Update 331,2022-01-18,"Not available publicly, only available through the Java SE Support program and in Solaris 10's Recommended Patchset Cluster; 18 bug fixes[149]",,,
"March 18, 2014(10 years ago)(2014-03-18)",,,,,
8,,,,,
Java SE 8,2014-03-18,Initial release,,,
Java SE 8 Update 5[166],2014-04-15,"Using ""*"" inCaller-Allowable-Codebaseattribute; 11 bug fixes",,,
Java SE 8 Update 11[167],2014-07-15,"Java Dependency Analysis Tool (jdeps); Java Control Panel option to disable sponsors; JAR file attribute – Entry-Point; JAXP processing limit property – maxElementDepth; 18 security bug fixes,[168]15 bug fixes",,,
Java SE 8 Update 20[169],2014-08-19,"669 bug fixes,[170]JMC 5.4, String deduplication (disabled by default)",,,
Java SE 8 Update 25[171],2014-10-14,10 bug fixes,,,
Java SE 8 Update 31[172],2015-01-19,26 bug fixes; SSLv3 (disabled by default),,,
Java SE 8 Update 40[173],2015-03-03,"645 bug fixes,[174]Added the notion of ""memory pressure"" to help indicate how much of system's memory is still available (low pressure = high memory, high pressure = low memory)",,,
Java SE 8 Update 45[175],2015-04-14,13 bug fixes,,,
Java SE 8 Update 51[176],2015-07-14,"Added support for native sandbox on Windows platforms (disabled by default); also, 25 security fixes, 14 bug fixes",,,
Java SE 8 Update 60[177],2015-08-18,480 bug fixes[178],,,
Java SE 8 Update 65[179],2015-10-20,"25 security fixes, 3 bug fixes",,,
Java SE 8 Update 66[180],2015-11-16,15 bug fixes,,,
Java SE 8 Update 71[181],2016-01-19,"8 security fixes, 5 bug fixes[182]",,,
Java SE 8 Update 72[183],2016-01-19,"8 security fixes, 5 bug fixes, several enhancements",,,
Java SE 8 Update 73[184],2016-02-03,1 security fix,,,
Java SE 8 Update 74[185],2016-02-03,1 security fix,,,
Java SE 8 Update 77[186],2016-03-23,1 security fix,,,
Java SE 8 Update 91[187],2016-04-19,"9 security fixes, 4 bug fixes and enhancements",,,
Java SE 8 Update 92[188],2016-04-19,"Security and bug fixes from 8u91, plus 76 additional bug fixes; theExitOnOutOfMemoryErrorandCrashOnOutOfMemoryErrorflags have been introduced",,,
Java SE 8 Update 101[189],2016-07-19,"Security and bug fixes from 8u92, plus 9 additional bug fixes",,,
Java SE 8 Update 102[190],2016-07-19,"Security and bug fixes from 8u101, plus 118 additional bug fixes",,,
Java SE 8 Update 111[191],2016-10-18,7 Security fixes and 9 bug fixes,,,
Java SE 8 Update 112[192],2016-10-18,Additional features and 139 bug fixes over 8u111,,,
Java SE 8 Update 121[193],2017-01-17,"3 additional features, 5 changes, and 11 bug fixes over 8u112.",,,
Java SE 8 Update 131[194],2017-04-18,4 changes and 42 bug fixes (2 notable).,,,
Java SE 8 Update 141[195],2017-07-18,"Additional feature, 3 changes and 12 bug fixes.",,,
Java SE 8 Update 144[196],2017-07-26,32 Security fixes and bug fixes from 8u141.,,,
Java SE 8 Update 151[197],2017-10-17,"22 Security fixes, 2 notes, 1 certificate revocation, 1 new feature, 6 changes and 24 bug fixes from 8u144.",,,
Java SE 8 Update 152[198],2017-10-17,"Security fixes, 1 new feature, 1 change and 238 bug fixes from 8u151 (1 notable).",,,
Java SE 8 Update 161[199],2018-01-16,"21 Security fixes, 3 new features, 9 changes and 1 bug fix from 8u152.",,,
Java SE 8 Update 162[200],2018-01-16,"Security fixes, 63 bug fixes.",,,
Java SE 8 Update 171[201],2018-04-17,"Security fixes, bug fixes.",,,
Java SE 8 Update 172[202],2018-04-17,"Security fixes, bug fixes.",,,
Java SE 8 Update 181[203],2018-07-17,"Security fixes, bug fixes.",,,
Java SE 8 Update 191[204],2018-10-16,"New features, changes, bug fixes, security fixes.",,,
Java SE 8 Update 192[205],2018-10-16,"New features, changes, bug fixes.",,,
Java SE 8 Update 201[206],2019-01-15,"New features, changes, bug fixes.",,,
Java SE 8 Update 202[207],2019-01-15,"New features, changes, bug fixes.",,,
Java SE 8 Update 211[208],2019-04-16,"New features, changes, bug fixes.License Update.",,,
Java SE 8 Update 212[209],2019-04-16,"New features (e.g. 5 currency symbols, including forBitcoinand ""New Japanese Era NameReiwa""[209]), changes, bug fixes.License Update.",,,
Java SE 8 Update 221[210],2019-07-16,"New features, changes, bug fixes.",,,
Java SE 8 Update 231[211],2019-10-15,"New features, changes, bug fixes and 18 security fixes.",,,
Java SE 8 Update 241[212],2020-01-14,"New features, changes, bug fixes.",,,
Java SE 8 Update 251[213],2020-04-14,"New features, changes, bug fixes. The last version that was shown to be working on Windows XP unofficially.",,,
Java SE 8 Update 261[214],2020-07-14,"New features, changes, 133 bug fixes.[215]",,,
Java SE 8 Update 271[216],2020-10-20,"New features, changes, 65 bug fixes.[217]",,,
Java SE 8 Update 281[218],2021-01-19,"New features, changes, 33 bug fixes.[219]",,,
Java SE 8 Update 291[220],2021-04-20,"New features, changes, 28 bug fixes.[221]",,,
Java SE 8 Update 301[222],2021-07-20,"New features, changes, 90 bug fixes.[223]",,,
Java SE 8 Update 311[224],2021-10-19,"New features, changes, 52 bug fixes.[225]",,,
Java SE 8 Update 321[226],2022-01-18,"New features, changes, 62 bug fixes.[227]",,,
Java SE 8 Update 331[228],2022-04-19,"New features, changes, 37 bug fixes.[229]",,,
Java SE 8 Update 333[230],2022-05-02,Patch w/1 change and 2 bug fixes.[231],,,
Java SE 8 Update 341[232],2022-07-19,"New features, changes, 42 bug fixes.[233]",,,
Java SE 8 Update 351[234],2022-10-18,"New features, changes, 95 bug fixes.[235]",,,
Java SE 8 Update 361[236],2023-01-17,"New features, changes, bug fixes.",,,
Java SE 8 Update 371[237],2023-04-18,,,,
Java SE 8 Update 381[238],2023-07-18,Security Patches,,,
Java SE 8 Update 391[239],2023-10-17,,,,
Java SE 8 Update 401[240],2024-01-16,,,,
Java SE 8 Update 411[241],2024-04-16,"Update time zone data to IANA TZ Data 2024a, new features, changes, updates to third-party libraries, 37 bug fixes.[241]",,,
Java SE 8 Update 421[242],2024-07-16,,,,
Java SE 8 Update 431[243],2024-10-15,,,,
9,,,,,
March 2018(2018-03),,,,,
Java SE 9[259],2017-09-21,Initial release,,,
Java SE 9.0.1[260],2017-10-17,"New featuresAdd Additional IDL Stub Type Checks to org.omg.CORBA.ORB::string_to_object Method (other-libs/corba)Known issuesTLS does not work by default on OpenJDK 9 (security-libs/java.security)ChangesRemove revoked Swisscom root certificate ""swisscomrootevca2"" (security-libs/java.security)Refactor existing providers to refer to the same constants for default values for key length (security-libs/java.security)Collections use serialization filter to limit array sizes (security-libs/java.security)Add warnings to keytool when using JKS and JCEKS (security-libs/java.security)Other notesDefault timeouts have changed for FTP URL handler (core-libs/java.net)Bug fixes12 bug fixes[261]",,,
Java SE 9.0.4[262],2018-01-16,"New featuresOpen source the root certificates in Oracle's Java SE Root CA program (security-libs/javax.net.ssl)Added TLS session hash and extended master secret extension support (security-libs/javax.net.ssl)Negotiated Finite Field Diffie-Hellman Ephemeral Parameters for TLS (security-libs/javax.net.ssl)Add additional IDL stub type checks to org.omg.CORBA.ORBstring_to_object method (other-libs/corba)ChangesRSA public key validation (security-libs/javax.crypto)Provider default key size is updated (security-libs/javax.crypto)Stricter key generation (security-libs/javax.crypto)Disable exportable cipher suites (security-libs/javax.net.ssl)JMX Connections need deserialization filters (core-svc/javax.management)JDK Transform, Validation and XPath use the system-default parser  (xml/jaxp)Bug fixesJNLP files won't launch from IE11 on Windows 10 Creators Update (deploy/webstart)11 bug fixes[263]",,,
12,,,,,
September 2018(2018-09),,,,,
Java SE 10[265],2018-03-20,Initial release,,,
Java SE 10.0.1[266],2018-04-17,New featuresEnhanced KeyStore Mechanisms (security-libs/javax.crypto)ChangesXML Signatures Signed with EC Keys Less Than 224 Bits Disabled (security-libs/javax.xml.crypto)3DES Cipher Suites Disabled (security-libs/javax.net.ssl)Other notesCipherOutputStream Usage (security-libs/javax.crypto)Bug fixes5 bug fixes[267],,,
Java SE 10.0.2[268],2018-07-17,ChangesfilterArguments runs multiple filters in the wrong order (core-libs/java.lang.invoke)Improve LDAP support (core-libs/javax.naming)Better stack walking (core-libs/java.io:serialization)Bug fixesJVM Crash during G1 GC (hotspot/gc)7 bug fixes[269],,,
"September 25, 2018(6 years ago)(2018-09-25)",,,,,
17,,,,,
"Java applets,Java Web Start,JavaFX,JavaEE, andCORBAmodules",,,,,
Java SE 11[272],2018-09-25,Initial release,,,
Java SE 11.0.1[273],2018-10-16,ChangesAdded Additional TeliaSonera Root Certificate (security-libs/java.security)Improve LDAP support (core-libs/javax.naming)Changed Central File System Location for usagetracker.properties File (core-svc)Problem looking up Client Certificates in keystore (security-libs/javax.net.ssl)Disabled All DES TLS Cipher Suites (security-libs/javax.net.ssl)Improved Cipher Inputs (security-libs/javax.crypto)Bug fixesLDAPS Communication Failure (core-libs/javax.naming)Better HTTP Redirection Support (core-libs/java.net)5 bug fixes[274],,,
Java SE 11.0.2[275],2019-01-15,Known issuesGTK+ 3.20 and Later Unsupported by Swing (client-libs)ChangesTLS anon and NULL Cipher Suites are Disabled (security-libs/javax.net.ssl)Linux Native Code Checks (hotspot/runtime)Enable Java Access Bridge Check Box Option in Control Panel Is Not Available with JDK 11 Installer (security-libs/javax.net.ssl)Bug fixes59 bug fixes[276],,,
Java SE 11.0.3[277],2019-04-16,New featuresSquare Character Support for Japanese New Era (core-libs/java.util:i18n)Known issuesJava Access Bridge Installation Workaround (install)ChangesAdded GlobalSign R6 Root Certificate (security-libs/java.security)Distrust TLS Server Certificates Anchored by Symantec Root CAs (security-libs/javax.net.ssl)New Japanese Era Name Reiwa (core-libs/java.time)Support New Japanese Era in java.time.chrono.JapaneseEra (core-libs/java.time)Bug fixes17 bug fixes[278],,,
Java SE 11.0.4[279],2019-07-16,New featuresHotSpot Windows OS Detection Correctly Identifies Windows Server 2019 (hotspot/runtime)Removed features and optionsRemoval of Two DocuSign Root CA Certificates (security-libs/java.security)Removal of Two Comodo Root CA Certificates (security-libs/java.security)Removal of T-Systems Deutsche Telekom Root CA 2 Certificate (security-libs/java.security)Removal of GTE CyberTrust Global Root (security-libs/java.security)Other notescom.sun.org.apache.xml.internal.security.ignoreLineBreaks System Property (security-libs/javax.xml.crypto)System Property to Switch Between Implementations of ECC (security-libs/javax.crypto)Bug fixes42 bug fixes[280],,,
Java SE 11.0.5[281],2019-10-15,New featuresNew Java Flight Recorder (JFR) Security Events (security-libs/java.security)Other notesUsing the JDK or JRE on macOS Catalina (10.15) (docs)Remove Obsolete NIST EC Curves from the Default TLS Algorithms (security-libs/javax.net.ssl)Use SunJCE Mac in SecretKeyFactory PBKDF2 Implementation (security-libs/javax.crypto)Java Access Bridge Installation Workaround (install)Updated XML Signature Implementation to Apache Santuario 2.1.3 (security-libs/javax.xml.crypto)System Property jdk.security.useLegacyECC is Turned Off by Default (security-libs/javax.crypto)Changed Properties.loadFromXML to Comply with Specification (core-libs/java.util)Runtime.exec and ProcessBuilder Argument Restrictions (core-libs/java.lang)Windows 2019 Core Server Is Not Supported (client-libs/2d)Bug fixes83 bug fixes[282],,,
Java SE 11.0.6[283],2020-01-14,New featuresAllow SASL Mechanisms to Be Restricted (security-libs/javax.security)SunPKCS11 Provider Upgraded with Support for PKCS#11 v2.40 (security-libs/javax.crypto:pkcs11)Other notesImprove Registry Support (core-libs/java.rmi)New Checks on Trust Anchor Certificates (security-libs/java.security)Exact Match Required for Trusted TLS Server Certificate (security-libs/java.security)Added LuxTrust Global Root 2 Certificate (install/security-libs/java.security)Added 4 Amazon Root CA Certificates (security-libs/java.security)Turn off AOT by Default and Change Related Flags to Experimental (hotspot/compiler)Epsilon GC handled checked array stores incorrectly (hotspot/gc)Bug fixesMemory Growth Issue in SunPKCS11 Fixed (security-libs/javax.crypto:pkcs11)Better Serial Filter Handling (core-libs/java.io:serialization)123 bug fixes[284],,,
Java SE 11.0.7[285],2020-04-14,New featuresSupport for MS Cryptography Next Generation (CNG) (security-libs/javax.crypto)Bug fixes140 bug fixes[286],,,
Java SE 11.0.8[287],2020-07-14,"New featuresNew System Properties to Configure the TLS Signature Schemes (security-libs/javax.net.ssl)Apache Santuario Library Updated to Version 2.1.4 (security-libs/javax.xml.crypto)Toolchain Upgrade to Xcode 10.1 (infrastructure)Oracle JDK Installer for Windows Provides Executables (javac, etc) in a Path Reachable From Any Command Prompt (install/install)Removed features and optionsRemoval of Comodo Root CA Certificate (security-libs/java.security)Removal of DocuSign Root CA Certificate (security-libs/java.security)Other notesImproved Serialization Handling (security-libs/javax.net.ssl)Better Listing of Arrays (security-libs/javax.net.ssl)Default SSLEngine Should Create in Server Role (security-libs/javax.net.sslc)OperatingSystemMXBean Methods Inside a Container Return Container Specific Data (core-svc/java.lang.management)Default SSL Session Cache Size Updated to 20480 (security-libs)Deprecated NSWindowStyleMaskTexturedBackground (client-libs/javax.swing)Bug fixes167 bug fixes[288]",,,
Java SE 11.0.9[289],2020-10-20,"New featuresWeak Named Curves in TLS, CertPath, and Signed JAR Disabled by Default (security-libs/java.security)Support for Kerberos Cross-Realm Referrals (RFC 6806) (security-libs/org.ietf.jgss:krb5)Improve Certificate Chain Handling (security-libs/javax.net.ssl)Tools Warn If Weak Algorithms Are Used (security-libs/java.security)Support for canonicalize in krb5.conf (security-libs/org.ietf.jgss:krb5)Other notesAdded Property to Control LDAP Authentication Mechanisms Allowed to Authenticate Over Clear Connections (core-libs/javax.naming)Added 3 SSL Corporation Root CA Certificates (security-libs/java.security)Added Entrust Root Certification Authority – G4 certificate (security-libs/java.security)Localized Time Zone Name Inconsistency Between English and Other Locales (core-libs/java.util:i18n)Enhanced Support of Proxy Class (core-libs/java.io:serialization)Bug fixes118 bug fixes[290]",,,
Java SE 11.0.10[291],2021-01-19,New features-groupname Option Added to keytool Key Pair Generation (security-libs/java.security)Support for certificate_authorities Extension (security-libs/javax.net.ssl)POSIX_SPAWN Option on Linux (core-libs/java.lang)Support for X25519 and X448 in TLS (security-libs/javax.net.ssl)jarsigner Preserves POSIX File Permission and symlink Attributes (security-libs/java.security)Other notesOracle JDK11u for Solaris Now Requires harfbuzz to be Installed (client-libs/2d)JDK time-zone data upgraded to tzdata2020d (core-libs/java.time)JDK time-zone data upgraded to tzdata2020c (core-libs/java.time)US/Pacific-New Zone Name Removed as Part of tzdata2020b (core-libs/java.time)Bug fixes118 bug fixes[292],,,
Java SE 11.0.11[293],2021-04-20,New featuresjdeps --print-module-deps Reports Transitive Dependences (tools)Other notesNew System and Security Properties to Control Reconstruction of Remote Objects by JDK's Built-in JNDI RMI and LDAP Implementations (core-libs/javax.naming)Added 2 HARICA Root CA Certificates (security-libs/java.security)Disable TLS 1.0 and 1.1 (security-libs/javax.net.ssl)Modified the MS950 charset Encoder's Conversion Table (core-libs/java.nio.charsets)Less Ambiguous Processing of ProcessBuilder Quotes on Windows > (core-libs/java.lang)Bug fixes88 bug fixes[294],,,
Java SE 11.0.12[295],2021-07-20,"New featuresSupport cross-realm MSSFU (security-libs/org.ietf.jgss:krb5)Customizing PKCS12 keystore Generation (security-libs/java.security)Removed features and optionsRemoved Root Certificates with 1024-bit Keys (security-libs/java.security)Removed Telia Company's Sonera Class2 CA Certificate (security-libs/java.security)Other notesUpdated List of Capabilities Provided by JDK RPMs (install/install)ADDLOCAL=ToolsFeature,SourceFeature Argument No Longer Needed For Windows JDK Installer (install/install)Upgraded the Default PKCS12 Encryption and MAC Algorithms (security-libs/java.security)Disable SHA-1 JARs (security-libs/java.security)Improve Encoding of TLS Application-Layer Protocol Negotiation (ALPN) Values (security-libs/javax.net.ssl)URL FTP Protocol Handler: IPv4 Address Validation in Passive Mode (core-libs/java.net)Bug fixes106 bug fixes[296]",,,
Java SE 11.0.13[297],2021-10-19,New featuresContext-specific Deserialization Filters (core-libs/java.io:serialization)Removed features and optionsRemoved IdenTrust Root Certificate (security-libs/java.security)Remove the Experimental AOT and JIT Compiler in OracleJDK 11u (hotspot/compiler)Other notesRelease Doesn't Correctly Recognize Windows 11 (core-libs/java.lang)Change to Package Names in Linux RPM/DEB Installers (install)Updated the Default Enabled Cipher Suites Preference (security-libs/javax.net.ssl)System Property to Control Reconstruction of Reference Address Objects by JDK's Built-in JNDI LDAP Implementation (core-libs/javax.naming)Release Doesn't Correctly Recognize Windows Server 2022 (hotspot/runtime)Updated keytool to Create AKID From SKID of Issuing Certificate as Specified by RFC 5280 (security-libs/java.security)SunPKCS11 Initialization With NSS When External FIPS Modules Are in Security Modules Database (security-libs/javax.crypto:pkcs11)Bug fixes93 bug fixes[298],,,
Java SE 11.0.14[299],2022-01-18,"New featuresNew SunPKCS11 Configuration Properties (security-libs/javax.crypto:pkcs11)Configurable Extensions With System Properties (security-libs/javax.net.ssl)Removed features and optionsRemoved Google's GlobalSign Root Certificate (security-libs/java.security)Other notesZip File System Provider Throws ZipException When Entry Name Element Contains ""."" or "".."" (core-libs/java.nio)Update Timezone Data to 2021c (core-libs/java.time)LDAP Channel Binding Support for Java GSS/Kerberos (core-libs/javax.naming)SocketExceptions Are Not Wrapped Into SSLExceptions in SSLSocketImpl (security-libs/javax.net.ssl)OperatingSystemMXBean.getProcessCpuLoad Is Now Container Aware (hotspot/runtime)Bug fixes71 bug fixes[300]",,,
Java SE 11.0.15[301],2022-04-19,New featuresSunPKCS11 Provider Supports ChaCha20-Poly1305 Cipher and ChaCha20 KeyGenerator if Supported by PKCS11 Library (security-libs/javax.crypto:pkcs11)ChaCha20 and Poly1305 TLS Cipher Suites (security-libs/javax.net.ssl)New XML Processing Limits (xml/jaxp)Other notesOnly Expose Certificates With Proper Trust Settings as Trusted Certificate Entries in macOS KeychainStore (security-libs/java.security)Parsing of URL Strings in Built-in JNDI Providers Is More Strict (core-libs/javax.naming)Bug fixes81 bug fixes[302],,,
Java SE 11.0.16[303],2022-07-19,New featuresHTTPS Channel Binding Support for Java GSS/Kerberos (core-libs/java.net)Other notesUpdate java.net.InetAddress to Detect Ambiguous IPv4 Address Literals (core-libs/java.net)JDK Bundle Extensions Truncated When Downloading Using Firefox 102 (core-libs/java.io:serialization)Vector Should Throw ClassNotFoundException for a Missing Class of an Element (core-libs/java.io:serialization)Default JDK Compressor Will Be Closed when IOException Is Encountered (core-libs/java.util.jar)Bug fixes74 bug fixes[304],,,
Java SE 11.0.16.1[305],2022-08-18,ChangesC2 Compilation Errors Unpredictably Crashes JVM (hotspot/compiler),,,
Java SE 11.0.17[306],2022-10-18,New featuresUpgrade the Default PKCS12 MAC Algorithm (security-libs/java.security)JDK Flight Recorder Event for Deserialization (core-libs/java.io:serialization)Other notesDisabled SHA-1 Signed JARs (security-libs/java.security)Deprecate 3DES and RC4 in Kerberos (security-libs/org.ietf.jgss:krb5)Make HttpURLConnection Default Keep Alive Timeout Configurable (core-libs/java.net)CPU Shares Ignored When Computing Active Processor Count (hotspot/runtime)Update Timezone Data to 2022c (core-libs/java.time)New System Property to Limit the Number of Open Connections to com.sun.net.httpserver.HttpServer (core-libs/java.net)Bug fixes118 bug fixes[307],,,
Java SE 11.0.18[308],2023-01-17,New featuresDTLS Resumption Uses HelloVerifyRequest Messages (security-libs/javax.net.ssl)Support for RSASSA-PSS in OCSP Response (security-libs/java.security)Known issuesInstallation of Oracle Linux Specific x64 JDK RPMs Pulls in i686 Dependencies (install/install)Other notesFXML JavaScript Engine Disabled by Default (javafx/fxml)Translated resource bundles for German (globalization)RPM JDK Installer Changes (install/install)Disable Side-by-Side Installations of Multiple JDK Updates in Windows JDK Installers (install/install)All JDK Update Releases Are Installed Into the Same Directory on macOS (install/install)Incorrect Handling of Quoted Arguments in ProcessBuilder (core-libs/java.lang)New Implementation Note for LoginModule on Removing Null from a Principals or Credentials set (security-libs/javax.security)Toolchain Upgrade to Visual Studio 2022 (infrastructure)Change in SSLEngine.closeInbound() Behavior (security-libs/javax.net.ssl)Bug fixes58 bug fixes[309],,,
Java SE 11.0.19[310],2023-04-18,New featuresAdded a Default Native GSS-API Library on Windows (security-libs/org.ietf.jgss)Other notesSystem Property to Handle HTML ObjectView Creation (client-libs/javax.swing)Added Certigna(Dhimyotis) Root CA Certificate (security-libs/java.security)Removed SSLv2Hello and SSLv3 From Default Enabled TLS Protocols (security-libs/javax.net.ssl)File::listRoots Changed to Return All Available Drives on Windows (core-libs/java.io)Crypto-J Exception for Diffie-Hellman and DSA AlgorithmParameters Requests (security-libs/java.security)Bug fixes55 bug fixes[311],,,
Java SE 11.0.20[312],2023-07-18,New featuresAllow Additional Characters for GB18030-2022 Support (core-libs/java.lang)Support for GB18030-2022 (core-libs/java.nio.charsets)Update the Javadoc in the Character Class to State Support for GB 18030-2022 Implementation Level 2 (core-libs/java.lang)Windows KeyStore Updated to Include Access to the Local Machine Location (security-libs/java.security)New JFR Event: jdk.InitialSecurityProperty (security-libs/java.security)New JFR Event: jdk.SecurityProviderService (security-libs/java.security)JDK Now Accepts RSA Keys in PKCS#1 Format (security-libs/javax.crypto)Known issuesProblem Upgrading JDK on Windows if System User Is Using Shared Files (install)Other notesSystem Property to Turn off JDK-8251329 Restrictions (core-libs/java.nio)Missing /usr/java/default Symlink on Linux Restored (install/install)Installation of JDK RPM Corrupts Alternatives (install/install)Added TWCA Root CA Certificate (security-libs/java.security)Added 4 GTS Root CA Certificates (security-libs/java.security)Added Microsoft Corporation's 2 TLS Root CA Certificates (security-libs/java.security)System Property for Java SE Specification Maintenance Version (core-libs/java.lang)GregorianCalender.computeTime() JVM Crash (hotspot/compiler)ASLR Support for CDS Archive (hotspot/runtime)Throw Error If Default java.security File Fails to Load (security-libs/java.security)New System Property to Control the Maximum Size of Signature Files (security-libs/java.security)Improved ZIP64 Extra Field Validation (core-libs/java.util.jar)Bug fixes43 bug fixes[313],,,
Java SE 11.0.21[314],2023-10-17,New features-XshowSettings:locale Output Now Includes Tzdata Version (tools/launcher)Removed features and optionsRemoved SECOM Trust System's RootCA1 Root Certificate (security-libs/java.security)Other notesAdded Certigna Root CA Certificate (security-libs/java.security)Debian JDK Installer Changes (install/install)Ignore Allow and Disallow Options for java.security.manager System Property (security-libs/java.security)The Default TLS Diffie-Hellman Group Size Has Been Increased from 1024-bit to 2048-bit (security-libs/javax.net.ssl)Use Server Cipher Suites Preference by Default (security-libs/javax.net.ssl)Bug fixes29 bug fixes[315],,,
Java SE 11.0.22[316],2024-01-16,"New featuresNew System Property to Toggle XML Signature Secure Validation Mode (security-libs/javax.xml.crypto)Known issuesPotential Performance Regression Due to Limited Range Check Elimination (hotspot/compiler)Other notesAdd Process-Memory Information to hs-err and VM.info (hotspot/runtime)Increase Default Value of the System Property jdk.jar.maxSignatureFileSize (security-libs/java.security)Added Four Root Certificates from DigiCert, Inc. (security-libs/java.security)Added Three Root Certificates from eMudhra Technologies Limited (security-libs/java.security)Added Telia Root CA v2 Certificate (security-libs/java.security)Added ISRG Root X2 CA Certificate from Let's Encrypt (security-libs/java.security)Call X509KeyManager.chooseClientAlias Once for All Key Types (security-libs/javax.net.ssl)Add Process-Memory Information to hs-err and VM.info (hotspot/runtime)Bug fixes29 bug fixes[317]",,,
8,,,,,
Enhancedswitch statements,,,,,
September 2019(2019-09),,,,,
Java SE 12[319],2019-03-19,Initial release,,,
Java SE 12.0.1[320],2019-04-16,Known issuesJava Access Bridge Installation Workaround (install)ChangesAdded GlobalSign R6 Root Certificate (security-libs/java.security)New Japanese Era Name Reiwa (core-libs/java.time)Bug fixes3 bug fixes[321],,,
Java SE 12.0.2[322],2019-07-16,Removed features and optionsRemoval of Two DocuSign Root CA Certificates (security-libs/java.security)Removal of Two Comodo Root CA Certificates (security-libs/java.security)Removal of T-Systems Deutsche Telekom Root CA 2 Certificate (security-libs/java.security)Other notesJava Access Bridge Installation Workaround (install),,,
5,,,,,
"Enhancedswitch statements, text blocks",,,,,
March 2023(2023-03)[323],,,,,
Java SE 13[325],2019-09-17,Initial release,,,
Java SE 13.0.1[326],2019-10-15,Other notesUsing the JDK or JRE on macOS Catalina (10.15) (docs)Remove Obsolete NIST EC Curves from the Default TLS Algorithms (security-libs/javax.net.ssl)Text Visibility Issues in macOS Dark Mode (client-libs)Runtime.exec and ProcessBuilder Argument Restrictions (core-libs/java.lang),,,
Java SE 13.0.2[327],2020-01-14,Other notesNew Checks on Trust Anchor Certificates (security-libs/java.security)Exact Match Required for Trusted TLS Server Certificate (security-libs/java.security)Added LuxTrust Global Root 2 Certificate (security-libs/java.security)Added 4 Amazon Root CA Certificates (security-libs/java.security)Improve Registry Support (core-libs/java.rmi)Bug fixesBetter Serial Filter Handling (core-libs/java.io:serialization)29 bug fixes[328],,,
16,,,,,
"HelpfulNullPointerExceptions, enhancedswitch statements",,,,,
"Pattern matchingforinstanceof,records, text blocks",,,,,
"jpackager, Foreign memory access",,,,,
Remove Concurrent Mark Sweepgarbage collector,,,,,
September 2020(2020-09),,,,,
Java SE 14[331],2020-03-17,Initial release,,,
Java SE 14.0.1[332],2020-04-14,Bug fixes2 bug fixes[333],,,
Java SE 14.0.2[334],2020-07-14,Removed features and optionsRemoval of Comodo Root CA Certificate (security-libs/java.security)Removal of DocuSign Root CA Certificate (security-libs/java.security)Other notesBetter Listing of Arrays (core-libs/java.util:collections)Default SSLEngine Should Create in Server Role (security-libs/javax.net.ssl)Improved Serialization Handling (core-libs/java.io:serialization)Bug fixes8 bug fixes[335],,,
14,,,,,
"Hidden classes, ZGC (garbage collector), Shenandoah (garbage collector), text blocks",,,,,
"Sealed classes,pattern matchingofinstanceof,records",,,,,
Foreign-memory access,,,,,
"JavaScript engine,SolarisandSPARCports",,,,,
March 2023(2023-03)[323],,,,,
Java SE 15[337],2020-09-15,Initial release,,,
Java SE 15.0.1[338],2020-10-20,New featuresImprove Certificate Chain Handling (security-libs/javax.net.ssl)Other notesAdded Property to Control LDAP Authentication Mechanisms Allowed to Authenticate Over Clear Connections (core-libs/javax.naming)Added 3 SSL Corporation Root CA Certificates (security-libs/java.security)Added Entrust Root Certification Authority – G4 certificate (security-libs/java.security)Enhanced Support of Proxy Class (core-libs/java.io:serialization)Bug fixes8 bug fixes[339],,,
Java SE 15.0.2[340],2021-01-19,Other notesJDK time-zone data upgraded to tzdata2020d (core-libs/java.time)JDK time-zone data upgraded to tzdata2020c (core-libs/java.time)US/Pacific-New Zone Name Removed as Part of tzdata2020b (core-libs/java.time)Bug fixes24 bug fixes[341],,,
17,,,,,
"Windows/AArch64 Port, jpackager,pattern matchingforinstanceof,records",,,,,
Sealed classes,,,,,
"Foreignlinker, Foreign-memory access",,,,,
September 2021(2021-09),,,,,
Java SE 16[343],2021-03-16,Initial release,,,
Java SE 16.0.1[344],2021-04-20,Other notesNew System and Security Properties to Control Reconstruction of Remote Objects by JDK's Built-in JNDI RMI and LDAP Implementations (core-libs/javax.naming)Added 2 HARICA Root CA Certificates (security-libs/java.security)Less Ambiguous Processing of ProcessBuilder Quotes on Windows (core-libs/java.lang)Bug fixes30 bug fixes[345],,,
Java SE 16.0.2[346],2021-07-20,Removed features and optionsRemoved Telia Company's Sonera Class2 CA certificate (security-libs/java.security)Other notesUpdated List of Capabilities Provided by JDK RPMs (install/install)Change to Package Names in Linux RPM/DEB Installers (install/install)URL FTP Protocol Handler: IPv4 Address Validation in Passive Mode (core-libs/java.net)SocketExceptions Are Not Wrapped Into SSLExceptions in SSLSocketImpl (security-libs/javax.net.ssl)Disable SHA-1 JARs (security-libs/java.security)Bug fixes25 bug fixes[347],,,
"September 14, 2021(3 years ago)(2021-09-14)",,,,,
14,,,,,
"macOS/AArch64 Port,sealed classes",,,,,
Switchpattern matching,,,,,
"Vector API, Foreign function & memory API",,,,,
"AOT compiler,RMIactivation,strictfpkeyword made obsolete (JEP 306)",,,,,
Java SE 17[349],2021-09-14,Initial release,,,
Java SE 17.0.1[350],2021-10-19,Removed features and optionsRemoved IdenTrust Root Certificate (security-libs/java.security)Other notesRelease Doesn't Correctly Recognize Windows 11 (core-libs/java.lang)System Property to Control Reconstruction of Reference Address Objects by JDK's Built-in JNDI LDAP Implementation (core-libs/javax.naming)Release Doesn't Correctly Recognize Windows Server 2022 (hotspot/runtime)OperatingSystemMXBean.getProcessCpuLoad Is Now Container Aware (hotspot/runtime)Bug fixes21 bug fixes[351],,,
Java SE 17.0.2[352],2022-01-18,"Removed features and optionsRemoved Google's GlobalSign Root Certificate (security-libs/java.security)Other notesExtended Delay Before JDK Executable Installer Starts From Network Drive (install/install)file.encoding System Property Has an Incorrect Value on Windows (core-libs/java.io)Zip File System Provider Throws ZipException When Entry Name Element Contains ""."" or "".."" (core-libs/java.nio)Update Timezone Data to 2021c (core-libs/java.time)ZGC: Fixed long Process Non-Strong References times (hotspot/gc)Bug fixes164 bug fixes[353]",,,
Java SE 17.0.3[354],2022-04-19,New featuresNew XML Processing Limits (xml/jaxp)Other notesOnly Expose Certificates With Proper Trust Settings as Trusted Certificate Entries in macOS KeychainStore (security-libs/java.security)Parsing of URL Strings in Built-in JNDI Providers Is More Strict (core-libs/javax.naming)Bug fixes48 bug fixes[355],,,
Java SE 17.0.3.1[356],2022-05-02,ChangesNew System Property to Disable Windows Alternate Data Stream Support in java.io.File (core-libs/java.io)Bug fixes2 bug fixes[357],,,
Java SE 17.0.4[358],2022-07-19,New featuresHTTPS Channel Binding Support for Java GSS/Kerberos (core-libs/java.net)Other notesUpdate java.net.InetAddress to Detect Ambiguous IPv4 Address Literals (core-libs/java.net)Default JDK Compressor Will Be Closed when IOException Is Encountered (core-libs/java.util.jar)CPU Shares Ignored When Computing Active Processor Count (hotspot/runtime)Bug fixes60 bug fixes[359],,,
Java SE 17.0.4.1[360],2022-08-18,ChangesC2 Compilation Errors Unpredictably Crashes JVM (hotspot/compiler),,,
Java SE 17.0.5[361],2022-10-18,New featuresHTTPS Channel Binding Support for Java GSS/Kerberos (core-libs/java.net)Other notesUpdate java.net.InetAddress to Detect Ambiguous IPv4 Address Literals (core-libs/java.net)Default JDK Compressor Will Be Closed when IOException Is Encountered (core-libs/java.util.jar)CPU Shares Ignored When Computing Active Processor Count (hotspot/runtime)Bug fixes77 bug fixes[362],,,
Java SE 17.0.6[363],2023-01-17,New featuresDTLS Resumption Uses HelloVerifyRequest Messages (security-libs/javax.net.ssl)Support for RSASSA-PSS in OCSP Response (security-libs/java.security)Known issuesInstallation of Oracle Linux Specific x64 JDK RPMs Pulls in i686 Dependencies (install/install)Other notesFXML JavaScript Engine Disabled by Default (javafx/fxml)Translated resource bundles for German (globalization)RPM JDK Installer Changes (install/install)Disable Side-by-Side Installations of Multiple JDK Updates in Windows JDK Installers (install/install)All JDK Update Releases Are Installed Into the Same Directory on macOS (install/install)Incorrect Handling of Quoted Arguments in ProcessBuilder (core-libs/java.lang)New Implementation Note for LoginModule on Removing Null from a Principals or Credentials set (security-libs/javax.security)Toolchain Upgrade to Visual Studio 2022 (infrastructure)Change in SSLEngine.closeInbound() Behavior (security-libs/javax.net.ssl)Bug fixes52 bug fixes[364],,,
Java SE 17.0.7[365],2023-04-18,New featuresNew JFR Event: jdk.InitialSecurityProperty (security-libs/java.security)Other notesSystem Property to Handle HTML ObjectView Creation (client-libs/javax.swing)Added Certigna(Dhimyotis) CA Certificate (security-libs/java.security)File::listRoots Changed to Return All Available Drives on Windows (core-libs/java.io)Throw Error If Default java.security File Fails to Load (security-libs/java.security)Crypto-J Exception for Diffie-Hellman and DSA AlgorithmParameters Requests (security-libs/java.security)Bug fixes69 bug fixes[366],,,
Java SE 17.0.8[367],2023-07-18,New featuresSupport for GB18030-2022 (core-libs/java.nio.charsets)Windows KeyStore Updated to Include Access to the Local Machine Location (security-libs/java.security)New JFR Event: jdk.SecurityProviderService (security-libs/java.security)Known issuesProblem Upgrading JDK on Windows if System User Is Using Shared Files (install)Other notesSystem Property to Turn off JDK-8251329 Restrictions (core-libs/java.nio)Debian JDK Installer Changes (install/install)Missing /usr/java/default Symlink on Linux Restored (install/install)Installation of JDK RPM Corrupts Alternatives (install/install)Added TWCA Root CA Certificate (security-libs/java.security)Added 4 GTS Root CA Certificates (security-libs/java.security)Added Microsoft Corporation's 2 TLS Root CA Certificates (security-libs/java.security)GregorianCalender.computeTime() JVM Crash (hotspot/compiler)ASLR Support for CDS Archive (hotspot/runtime)New System Property to Control the Maximum Size of Signature Files (security-libs/java.security)Improved ZIP64 Extra Field Validation (core-libs/java.util.jar)Bug fixes56 bug fixes[368],,,
Java SE 17.0.9[369],2023-10-17,New features-XshowSettings:locale Output Now Includes Tzdata Version (tools/launcher)Removed features and optionsRemoved SECOM Trust System's RootCA1 Root Certificate (security-libs/java.security)Other notesAdded Certigna Root CA Certificate (security-libs/java.security)The Default TLS Diffie-Hellman Group Size Has Been Increased from 1024-bit to 2048-bit (security-libs/javax.net.ssl)Bug fixes56 bug fixes[370],,,
Java SE 17.0.10[371],2024-01-16,"New featuresNew System Property to Toggle XML Signature Secure Validation Mode (security-libs/javax.xml.crypto)Known issuesPotential Performance Regression Due to Limited Range Check Elimination (hotspot/compiler)Other notesIncrease Default Value of the System Property jdk.jar.maxSignatureFileSize (security-libs/java.security)Added Four Root Certificates from DigiCert, Inc. (security-libs/java.security)Added Three Root Certificates from eMudhra Technologies Limited (security-libs/java.security)Added Telia Root CA v2 Certificate (security-libs/java.security)Added ISRG Root X2 CA Certificate from Let's Encrypt (security-libs/java.security)Call X509KeyManager.chooseClientAlias Once for All Key Types (security-libs/javax.net.ssl)Bug fixes46 bug fixes[372]",,,
9,,,,,
UTF by defaultJavadoc code snippets,,,,,
Switch pattern matching,,,,,
Vector APIForeign function & memory API,,,,,
Deprecated finalization for removal,,,,,
September 2022(2022-09),,,,,
Java SE 18[374],2022-03-22,Initial release,,,
Java SE 18.0.1[375],2022-04-19,New featuresNew XML Processing Limits (xml/jaxp)Other notesOnly Expose Certificates With Proper Trust Settings as Trusted Certificate Entries in macOS KeychainStore (security-libs/java.security)Parsing of URL Strings in Built-in JNDI Providers Is More Strict (core-libs/javax.naming)Bug fixes18 bug fixes[376],,,
Java SE 18.0.1.1[377],2022-05-02,core-libs/java.ioNew System Property to Disable Windows Alternate Data Stream Support in java.io.File (core-libs/java.io)Bug fixes2 bug fixes[378],,,
Java SE 18.0.2[379],2022-07-19,Removed features and optionsRemove the Alternate ThreadLocal Implementation of the Subject::current and Subject::callAs APIs (security-libs/javax.security)Other notesjava.net.InetAddress Updated to Reject Ambiguous IPv4 Address Literals (core-libs/java.net)CPU Shares Ignored When Computing Active Processor Count (hotspot/runtime)Lambda Deserialization Fails for Object Method References on Interfaces (tools/javac)Bug fixes49 bug fixes[380],,,
Java SE 18.0.2.1[381],2022-08-18,ChangesC2 Compilation Errors Unpredictably Crashes JVM (hotspot/compiler),,,
7,,,,,
Foreign function & memory APISwitch pattern matching,,,,,
Vector APIStructured concurrency,,,,,
March 2023(2023-03),,,,,
Java SE 19[383],2022-09-20,Initial release,,,
Java SE 19.0.1[384],2022-10-18,Other notesUpdate Timezone Data to 2022c (core-libs/java.time)New System Property to Limit the Number of Open Connections to com.sun.net.httpserver.HttpServer (core-libs/java.net)Bug fixes6 bug fixes[385],,,
Java SE 19.0.2[386],2023-01-17,New featuresDTLS Resumption Uses HelloVerifyRequest Messages (security-libs/javax.net.ssl)Other notesFXML JavaScript Engine Disabled by Default (javafx/fxml)Bug fixes28 bug fixes[387],,,
7,,,,,
Scoped values,,,,,
September 2023(2023-09),,,,,
Java SE 20[389],2023-03-21,Initial release,,,
Java SE 20.0.1[390],2023-04-18,Other notesSystem Property to Handle HTML ObjectView Creation (client-libs/javax.swing)Added Certigna(Dhimyotis) CA Certificate (security-libs/java.security)File::listRoots Changed to Return All Available Drives on Windows (core-libs/java.io)Bug fixes5 bug fixes[391],,,
Java SE 20.0.2[392],2023-07-18,New featuresSupport for GB18030-2022 (core-libs/java.nio.charsets)Known issuesProblem Upgrading JDK on Windows if System User Is Using Shared Files (install)Other notesMissing /usr/java/default Symlink on Linux Restored (install/install)Installation of JDK RPM Corrupts Alternatives (install/install)Added TWCA Root CA Certificate (security-libs/java.security)Added 4 GTS Root CA Certificates (security-libs/java.security)Added Microsoft Corporation's 2 TLS Root CA Certificates (security-libs/java.security)ASLR Support for CDS Archive (hotspot/runtime)New System Property to Control the Maximum Size of Signature Files (security-libs/java.security)Improved ZIP64 Extra Field Validation (core-libs/java.util.jar)Bug fixes33 bug fixes[393],,,
"September 19, 2023(16 months ago)(2023-09-19)",,,,,
15,,,,,
"Record patterns, pattern matching for switch, virtual threads",,,,,
"String templates, unnamed classes and main methods",,,,,
Vector API,,,,,
Java SE 21[395],2023-09-19,Initial release,,,
Java SE 21.0.1[396],2023-10-17,Other notesAdded Certigna Root CA Certificate (security-libs/java.security)Increase Default Value of the System Property jdk.jar.maxSignatureFileSize (security-libs/java.security)Bug fixes40 bug fixes[397],,,
Java SE 21.0.2[398],2024-01-16,"New featuresTCP_KEEPxxxx Extended Socket Options Are Now Supported on the Windows Platform (core-libs/java.net)Known issuesPotential Performance Regression Due to Limited Range Check Elimination (hotspot/compiler)Issues fixedZGC: Reintroduced Support for Non-Default ObjectAlignmentInBytes (hotspot/compiler)Other notesAdded Four Root Certificates from DigiCert, Inc. (security-libs/java.security)Added Three Root Certificates from eMudhra Technologies Limited (security-libs/java.security)Added Telia Root CA v2 Certificate (security-libs/java.security)Added ISRG Root X2 CA Certificate from Let's Encrypt (security-libs/java.security)NMT: Make Peak Values Available in Release Builds (hotspot/runtime)Add User Facing Warning If THPs Are Enabled but Cannot Be Used (hotspot/runtime)Bug fixes74 bug fixes[399]",,,
Java SE 21.0.3[400],2024-04-16,New featuresUpdate XML Security for Java to 3.0.3 (security-libs/javax.crypto)Known issuesjpackage Apps May Fail to Build on Debian Linux Distros Due to Missing Shared Libraries (tools/jpackage)Other notesAWT SystemTray API Is Not Supported on Most Linux Desktops (client-libs/java.awt)Added Certainly R1 and E1 Root Certificates (security-libs/java.security)Align javac with the Java Language Specification by Rejecting final in Record Patterns (tools/javac)Updates to Third Party LibrariesFreeType 2.13.2 (java.desktop)Xalan Java 2.7.3 (java.xml)XML Security for Java 3.0.3 (java.xml.crypto)Bug fixes27 bug fixes[401],,,
12,,,,,
"Foreign function and memory API, unnamed variables and patterns",,,,,
"Structured concurrency, string templates",,,,,
Vector API,,,,,
September 2024(2024-09),,,,,
12,,,,,
Markdown documentation comments,,,,,
"Primitive types in Patterns, instanceof, and switch, Class-File API, Stream Gatherers, Module import declarations, Implicitly declared classes and instance main methods, structured concurrency, scoped values, flexible constructor bodies",,,,,
Vector API,,,,,
24,,,,,
0,,,,,
JVMJava ME(Micro)Java SE(Standard)Jakarta EE(Enterprise)Java CardAndroid SDKGraalVM,,,,,
SquawkJava Development KitOpenJDKJava virtual machineJavaFXMaxine VM,,,,,
ServletsMIDletsJSPJSFWeb Start(JNLP)Pack200Modulesapplets,,,,,
EclipseGNU ClasspathHibernateSpringGWTIcedTeaJazelleStrutsTopLinkWildFlyblackdownharmony,,,,,
Java version historyJava Community ProcessSun MicrosystemsFree Java implementations,,,,,
JavaBeanShellClojureGroovyJRubyJythonKotlinProcessingRhinoScalaOxygene,,,,,
"ConferencesJavaOneDevoxxOrganizationsApache Software FoundationEclipse FoundationJava Community ProcessOracle CorporationSun Microsystems,Sun Microsystems LaboratoriesPeopleJames GoslingArthur van HoffUrs HölzlePatrick Naughton",JavaOneDevoxx,"Apache Software FoundationEclipse FoundationJava Community ProcessOracle CorporationSun Microsystems,Sun Microsystems Laboratories",James GoslingArthur van HoffUrs HölzlePatrick Naughton,,
JavaOneDevoxx,,,,,
"Apache Software FoundationEclipse FoundationJava Community ProcessOracle CorporationSun Microsystems,Sun Microsystems Laboratories",,,,,
James GoslingArthur van HoffUrs HölzlePatrick Naughton,,,,,
CategoryComputer programming portal,,,,,
"Apache Software FoundationEclipse FoundationJava Community ProcessOracle CorporationSun Microsystems,Sun Microsystems Laboratories",,,,,
James GoslingArthur van HoffUrs HölzlePatrick Naughton,,,,,
